"Project name","Tee Fusion"
"Date range","02/01/2025 12:00 AM - 08/04/2025 11:59 PM"


"Metric","Top pages","No. of sessions"
"","https://teefusion.co.in/","196"
"","https://teefusion.co.in/product-category/men/","100"
"","https://teefusion.co.in/product/oversized-t-shirt-men-acid-wash-tidy-titans/","64"
"","https://teefusion.co.in/product/im-dadman/","32"
"","https://teefusion.co.in/product/i-am-not-bossy-i-am-just-the-boss/","31"
"","https://teefusion.co.in/product-category/women/","30"
"","https://teefusion.co.in/shop/","24"
"","https://teefusion.co.in/about-us/","15"
"","https://teefusion.co.in/contact-us/","15"
"","https://teefusion.co.in/checkout/","13"
"","https://teefusion.co.in/product/oversized-t-shirt-men-villians-of-the-workplace/","13"
"","https://teefusion.co.in/my-account/","11"
